,true,pred
0,-0.33259347081184387,-0.33214783668518066
1,-0.33965256810188293,-0.33661386370658875
2,-0.34602224826812744,-0.34133410453796387
3,-0.3517422080039978,-0.3468870520591736
4,-0.3568350672721863,-0.35324549674987793
5,-0.3613073527812958,-0.3595842719078064
6,-0.3651626706123352,-0.3653429448604584
7,-0.36839690804481506,-0.37015417218208313
8,-0.3710043430328369,-0.37377142906188965
9,-0.37297844886779785,-0.3760072588920593
10,-0.3743111193180084,-0.3771107792854309
11,-0.37499547004699707,-0.3771147131919861
12,-0.3750251233577728,-0.3762253522872925
13,-0.3743942975997925,-0.3746199607849121
14,-0.37309888005256653,-0.3727356195449829
15,-0.3711361885070801,-0.3703625202178955
16,-0.3685046434402466,-0.3675289750099182
17,-0.365204393863678,-0.36415404081344604
18,-0.36123737692832947,-0.360143780708313
19,-0.3566071093082428,-0.3555148243904114
20,-0.3513185679912567,-0.3503100275993347
21,-0.34537848830223083,-0.3445800542831421
22,-0.33879542350769043,-0.338373064994812
23,-0.33157965540885925,-0.3316609859466553
24,-0.3237431049346924,-0.3243785500526428
25,-0.31529927253723145,-0.3164054751396179
26,-0.3062632977962494,-0.3076831102371216
27,-0.2966519594192505,-0.29818785190582275
28,-0.2864837646484375,-0.2879360318183899
29,-0.2757788300514221,-0.277042418718338
30,-0.264558881521225,-0.265593945980072
31,-0.2528470754623413,-0.2535577714443207
32,-0.24066804349422455,-0.2410583794116974
33,-0.2280476838350296,-0.22816617786884308
34,-0.2150133103132248,-0.21492896974086761
35,-0.20159348845481873,-0.20137187838554382
36,-0.18781809508800507,-0.187498539686203
37,-0.17371833324432373,-0.1733103096485138
38,-0.1593266874551773,-0.158870130777359
39,-0.14467699825763702,-0.1441974937915802
40,-0.12980365753173828,-0.12931270897388458
41,-0.1147414818406105,-0.11428844183683395
42,-0.0995267778635025,-0.09916812181472778
43,-0.08419640362262726,-0.08397476375102997
44,-0.06878777593374252,-0.0687553733587265
45,-0.05333884805440903,-0.053485870361328125
46,-0.03788813576102257,-0.03822484612464905
47,-0.022474704310297966,-0.022910848259925842
48,-0.0071381679736077785,-0.007657438516616821
49,0.008081793785095215,0.0075255632400512695
50,0.023146189749240875,0.02259327471256256
51,0.038014911115169525,0.03750161826610565
52,0.05264817550778389,0.05220113694667816
53,0.06700664013624191,0.06664066016674042
54,0.08105140179395676,0.0807720273733139
55,0.09474398195743561,0.09454937279224396
56,0.10804636031389236,0.10791026055812836
57,0.12092093378305435,0.12085668742656708
58,0.13333061337471008,0.13334791362285614
59,0.1452406942844391,0.1453053504228592
60,0.15661552548408508,0.15669368207454681
61,0.167419895529747,0.1675311177968979
62,0.17762018740177155,0.17773057520389557
63,0.18718433380126953,0.18728061020374298
64,0.19608193635940552,0.19615425169467926
65,0.20428413152694702,0.20432765781879425
66,0.21176369488239288,0.2117709070444107
67,0.2184949815273285,0.21847818791866302
68,0.22445395588874817,0.2244095653295517
69,0.2296181619167328,0.2295425683259964
70,0.23396678268909454,0.23386211693286896
71,0.23748089373111725,0.23735718429088593
72,0.24014337360858917,0.23998971283435822
73,0.24193917214870453,0.2417641133069992
74,0.24285559356212616,0.24266056716442108
75,0.24288222193717957,0.24266798794269562
76,0.2420109659433365,0.24182184040546417
77,0.2402360737323761,0.23998628556728363
78,0.23755408823490143,0.2372887283563614
79,0.23396381735801697,0.23372392356395721
80,0.22946621477603912,0.22917594015598297
81,0.22406461834907532,0.22376565635204315
82,0.21776476502418518,0.2174595445394516
83,0.21057473123073578,0.21026544272899628
84,0.2025049924850464,0.20218132436275482
85,0.1935683786869049,0.19331426918506622
86,0.18378011882305145,0.18345697224140167
87,0.17315778136253357,0.1728498488664627
88,0.1617211103439331,0.1614021509885788
89,0.14949168264865875,0.14918957650661469
90,0.13649305701255798,0.13619454205036163
91,0.12275071442127228,0.12245626747608185
92,0.1082921251654625,0.10800246894359589
93,0.09314669668674469,0.09284652769565582
94,0.0773458182811737,0.07706840336322784
95,0.060922812670469284,0.06065268814563751
96,0.04391297698020935,0.04365070164203644
97,0.026353560388088226,0.0260990709066391
98,0.008283772505819798,0.008036091923713684
99,-0.010256504639983177,-0.010498285293579102
100,-0.029226848855614662,-0.029483765363693237
101,-0.048584360629320145,-0.04875321686267853
102,-0.06828498840332031,-0.0685092955827713
103,-0.08828353881835938,-0.08850225806236267
104,-0.10853371024131775,-0.10868619382381439
105,-0.12898775935173035,-0.12919467687606812
106,-0.14959672093391418,-0.1497947871685028
107,-0.1703110933303833,-0.17050692439079285
108,-0.19108086824417114,-0.19127154350280762
109,-0.21185550093650818,-0.21204078197479248
110,-0.23258331418037415,-0.23276293277740479
111,-0.2532118558883667,-0.2533861994743347
112,-0.27368879318237305,-0.27385836839675903
113,-0.2939620316028595,-0.29412445425987244
114,-0.31397950649261475,-0.314139723777771
115,-0.3336885869503021,-0.33384376764297485
116,-0.3530365824699402,-0.3531872630119324
117,-0.3719715476036072,-0.3721184730529785
118,-0.390442430973053,-0.39053380489349365
119,-0.40839889645576477,-0.4085363745689392
120,-0.42579081654548645,-0.42592698335647583
121,-0.4425685703754425,-0.44270145893096924
122,-0.4586840867996216,-0.45881444215774536
123,-0.47409069538116455,-0.4742189049720764
124,-0.4887431561946869,-0.48886919021606445
125,-0.5025971531867981,-0.5027209520339966
126,-0.5156095623970032,-0.5157317519187927
127,-0.5277394652366638,-0.5278176665306091
128,-0.5389478802680969,-0.5390704274177551
129,-0.5491978526115417,-0.5493214726448059
130,-0.5584540367126465,-0.5585788488388062
131,-0.5666829347610474,-0.5668094754219055
132,-0.5738537311553955,-0.5739825963973999
133,-0.5799380540847778,-0.5800696611404419
134,-0.5849100947380066,-0.5850443243980408
135,-0.5887462496757507,-0.588883101940155
136,-0.5914252996444702,-0.5915653109550476
137,-0.5929288864135742,-0.5930725336074829
138,-0.5932416319847107,-0.5933893918991089
139,-0.5923510789871216,-0.592503011226654
140,-0.5902476906776428,-0.5904037952423096
141,-0.5869244933128357,-0.5870848894119263
142,-0.5823773741722107,-0.5825425386428833
143,-0.5766056180000305,-0.5767760872840881
144,-0.5696115493774414,-0.5697875618934631
145,-0.5614007711410522,-0.5615824460983276
146,-0.5519819855690002,-0.5521693229675293
147,-0.541366696357727,-0.5415596961975098
148,-0.5295694470405579,-0.5297683477401733
149,-0.5166079998016357,-0.5168130993843079
150,-0.5025032162666321,-0.502714991569519
151,-0.4872794449329376,-0.4874981641769409
152,-0.4709639549255371,-0.4711896777153015
153,-0.4535871744155884,-0.45381960272789
154,-0.43518200516700745,-0.4354209303855896
155,-0.4157842993736267,-0.41602981090545654
156,-0.39543280005455017,-0.3956851363182068
157,-0.3741692006587982,-0.37442880868911743
158,-0.3520379066467285,-0.35230526328086853
159,-0.3290863335132599,-0.3293614089488983
160,-0.30536457896232605,-0.30564677715301514
161,-0.2809242904186249,-0.28121331334114075
162,-0.25581982731819153,-0.25611555576324463
163,-0.23010776937007904,-0.23041021823883057
164,-0.2038467973470688,-0.20415619015693665
165,-0.1770976185798645,-0.1774141490459442
166,-0.14992301166057587,-0.15024659037590027
167,-0.12238767743110657,-0.12271784245967865
168,-0.09455719590187073,-0.09489372372627258
169,-0.06649918854236603,-0.06684182584285736
170,-0.03828240558505058,-0.03863081336021423
171,-0.00997653417289257,-0.010330602526664734
172,0.01834777183830738,0.017987951636314392
173,0.04661891609430313,0.04625345766544342
174,0.07476440817117691,0.07439373433589935
175,0.10271254926919937,0.10233591496944427
176,0.13038957118988037,0.13000701367855072
177,0.15772123634815216,0.15733353793621063
178,0.18463395535945892,0.18424229323863983
179,0.2110547572374344,0.2106602042913437
180,0.23691125214099884,0.2365146428346634
181,0.2621317505836487,0.2617335319519043
182,0.28664514422416687,0.2862454056739807
183,0.3103809654712677,0.30997955799102783
184,0.3332699239253998,0.3328663110733032
185,0.35524508357048035,0.3548371195793152
186,0.3762373924255371,0.37582528591156006
187,0.396179735660553,0.3957653045654297
188,0.4150075316429138,0.4145927429199219
189,0.43265846371650696,0.4322456121444702
190,0.4490727484226227,0.448663592338562
191,0.4641929566860199,0.46378856897354126
192,0.4779640734195709,0.47756463289260864
193,0.49033355712890625,0.4899384379386902
194,0.5012513399124146,0.5008594393730164
195,0.5106739401817322,0.5102795362472534
196,0.5185540318489075,0.5181551575660706
197,0.5248453617095947,0.5244444012641907
198,0.5295071005821228,0.5291080474853516
199,0.5325040817260742,0.5321115851402283
200,0.5338068008422852,0.5334249138832092
201,0.5333911180496216,0.5330224633216858
202,0.5312386155128479,0.5308837890625
203,0.5273363590240479,0.5269942283630371
204,0.5216770172119141,0.5213455557823181
205,0.5142588019371033,0.513935387134552
206,0.5050854086875916,0.5047688484191895
207,0.4941672086715698,0.493857204914093
208,0.48152485489845276,0.4812208414077759
209,0.4671870768070221,0.4668893814086914
210,0.45119017362594604,0.45089995861053467
211,0.4335780739784241,0.4332963824272156
212,0.4144023060798645,0.4141295552253723
213,0.39372193813323975,0.39345788955688477
214,0.37160053849220276,0.37134647369384766
215,0.34810906648635864,0.3478659391403198
216,0.3233233094215393,0.32308948040008545
217,0.2973186671733856,0.2970920205116272
218,0.27017009258270264,0.269950270652771
219,0.24195219576358795,0.24173994362354279
220,0.2127392292022705,0.21253620088100433
221,0.18260572850704193,0.18241186439990997
222,0.1516236960887909,0.15143759548664093
223,0.11985859274864197,0.11968149244785309
224,0.08737532049417496,0.08720915019512177
225,0.05423866584897041,0.054084762930870056
226,0.020513255149126053,0.02037160098552704
227,-0.013736452907323837,-0.013866931200027466
228,-0.048446159809827805,-0.04856683313846588
229,-0.0835522934794426,-0.0836637020111084
230,-0.11898747086524963,-0.11909030377864838
231,-0.1546817123889923,-0.15477710962295532
232,-0.19056375324726105,-0.19065162539482117
233,-0.22655710577964783,-0.22663761675357819
234,-0.26258230209350586,-0.2626567482948303
235,-0.29855969548225403,-0.2986282408237457
236,-0.3344060480594635,-0.3344683051109314
237,-0.37003418803215027,-0.3700915575027466
238,-0.40535762906074524,-0.4054117798805237
239,-0.4402894675731659,-0.44034039974212646
240,-0.47473952174186707,-0.47478681802749634
241,-0.5086183547973633,-0.5086625814437866
242,-0.5418374538421631,-0.5418786406517029
243,-0.5743075013160706,-0.5743459463119507
244,-0.6059399843215942,-0.6059763431549072
245,-0.6366483569145203,-0.6366825103759766
246,-0.6663464903831482,-0.6663780808448792
247,-0.6949498057365417,-0.6949790716171265
248,-0.7223761081695557,-0.7224035859107971
249,-0.7485451102256775,-0.7485710382461548
250,-0.7733784317970276,-0.7734032869338989
251,-0.796800434589386,-0.7968252897262573
252,-0.8187386393547058,-0.8187645673751831
253,-0.8391231894493103,-0.8391506671905518
254,-0.8578870296478271,-0.8579169511795044
255,-0.8749671578407288,-0.8750004768371582
256,-0.8903040289878845,-0.890484631061554
257,-0.9038417339324951,-0.9040272235870361
258,-0.9155279994010925,-0.9157190322875977
259,-0.9253150224685669,-0.9255120754241943
260,-0.9331596493721008,-0.9333624839782715
261,-0.9390226006507874,-0.9393405318260193
262,-0.9428690671920776,-0.9430835843086243
263,-0.9446693658828735,-0.9448899030685425
264,-0.9443985819816589,-0.9446252584457397
265,-0.9420369267463684,-0.9422580003738403
266,-0.9375690817832947,-0.9378077983856201
267,-0.9309850931167603,-0.9312303066253662
268,-0.9222805500030518,-0.922532856464386
269,-0.9114562273025513,-0.9117159247398376
270,-0.8985181450843811,-0.8988930583000183
271,-0.8834773898124695,-0.8837528824806213
272,-0.8663506507873535,-0.866635262966156
273,-0.8471603393554688,-0.8474547863006592
274,-0.8259342312812805,-0.826238751411438
275,-0.8027052283287048,-0.8030198812484741
276,-0.777511477470398,-0.7778368592262268
277,-0.7503964900970459,-0.7507332563400269
278,-0.7214094996452332,-0.7217580676078796
279,-0.6906048655509949,-0.6909651756286621
280,-0.6580418944358826,-0.6583331227302551
281,-0.6237846612930298,-0.6241679191589355
282,-0.587902307510376,-0.5882972478866577
283,-0.550468921661377,-0.5507979393005371
284,-0.5115634799003601,-0.5119743943214417
285,-0.4712692201137543,-0.47180962562561035
286,-0.42967361211776733,-0.43003493547439575
287,-0.38686829805374146,-0.3873206377029419
288,-0.3429490327835083,-0.34341269731521606
289,-0.2980155944824219,-0.2984905242919922
290,-0.25217121839523315,-0.2526572048664093
291,-0.20552244782447815,-0.20601938664913177
292,-0.1581791490316391,-0.15868696570396423
293,-0.11025390774011612,-0.11088260263204575
294,-0.06186211481690407,-0.06238533556461334
295,-0.01312182191759348,-0.013655737042427063
296,0.035847339779138565,0.03537850081920624
297,0.08492252975702286,0.084366574883461
298,0.13397930562496185,0.13349036872386932
299,0.18289217352867126,0.1823110431432724
300,0.23153457045555115,0.23094503581523895
301,0.2797788977622986,0.2791813015937805
302,0.3274964392185211,0.3269749879837036
303,0.3745576739311218,0.37394416332244873
304,0.42083239555358887,0.4201000928878784
305,0.4661892056465149,0.465714693069458
306,0.5104953646659851,0.5098567605018616
307,0.5536168813705444,0.5528634190559387
308,0.5954186916351318,0.5947813987731934
309,0.6357642412185669,0.6351282596588135
310,0.6745158433914185,0.67376309633255
311,0.7115261554718018,0.7108896374702454
312,0.746645450592041,0.7460136413574219
313,0.7797365188598633,0.7790826559066772
314,0.8106292486190796,0.8099427223205566
315,0.8391191363334656,0.8384946584701538
316,0.8649671077728271,0.8642678260803223
317,0.8878996968269348,0.8872494697570801
318,0.9076087474822998,0.9069280624389648
319,0.9237518906593323,0.9232649803161621
320,0.9359863996505737,0.9354410171508789
321,0.9438226222991943,0.9432418346405029
322,0.9463523030281067,0.9460166692733765
323,0.9425809383392334,0.9426114559173584
324,0.9314502477645874,0.9317524433135986
325,0.9118382930755615,0.9122922420501709
326,0.8825594782829285,0.8828490972518921
327,0.842364490032196,0.8423243761062622
328,0.7899788618087769,0.7899986505508423
329,0.7250179052352905,0.7249305844306946
330,0.6481829285621643,0.6479635238647461
331,0.561335027217865,0.5608079433441162
332,0.46763917803764343,0.46689367294311523
333,0.3712303042411804,0.3703352212905884
334,0.2764759361743927,0.27560746669769287
335,0.18737651407718658,0.1865943819284439
336,0.10657667368650436,0.10586874186992645
337,0.035615261644124985,0.03489576280117035
338,-0.025026878342032433,-0.025675147771835327
339,-0.07598954439163208,-0.0764048844575882
340,-0.11886809021234512,-0.11898542940616608
341,-0.15500056743621826,-0.1544807255268097
342,-0.18569989502429962,-0.1843995600938797
343,-0.2122611105442047,-0.21067169308662415
344,-0.23560403287410736,-0.2343851774930954
345,-0.2564579248428345,-0.25642019510269165
346,-0.27545902132987976,-0.2767573595046997
347,-0.29299572110176086,-0.2950997054576874
348,-0.3093719482421875,-0.31137001514434814
349,-0.3248243033885956,-0.32595759630203247
350,-0.3394685387611389,-0.3392200469970703
351,-0.3534007668495178,-0.3515726327896118
352,-0.3666735291481018,-0.36391502618789673
353,-0.3793051540851593,-0.37637007236480713
354,-0.39130616188049316,-0.3890266418457031
355,-0.4026670455932617,-0.40161120891571045
356,-0.41337376832962036,-0.4134303331375122
357,-0.4234067499637604,-0.4246869683265686
358,-0.4327421188354492,-0.4345225691795349
359,-0.4413563311100006,-0.44346821308135986
360,-0.4492237865924835,-0.4510916471481323
361,-0.45631998777389526,-0.45778989791870117
362,-0.4626213610172272,-0.4635167717933655
363,-0.46810483932495117,-0.4684278964996338
364,-0.47274935245513916,-0.47251367568969727
365,-0.47653549909591675,-0.47605252265930176
366,-0.47944533824920654,-0.4787650406360626
367,-0.4814629852771759,-0.4806002974510193
368,-0.48257479071617126,-0.4817574620246887
369,-0.4827690124511719,-0.48204684257507324
370,-0.48203596472740173,-0.48134514689445496
371,-0.48036831617355347,-0.47988438606262207
372,-0.47776100039482117,-0.4775260388851166
373,-0.4742114245891571,-0.4743810296058655
374,-0.4697190225124359,-0.47028571367263794
375,-0.46428561210632324,-0.46519720554351807
376,-0.45791545510292053,-0.4590115547180176
377,-0.450615257024765,-0.4518812298774719
378,-0.4423942565917969,-0.44369083642959595
379,-0.4332641363143921,-0.4344649314880371
380,-0.4232388436794281,-0.424282968044281
381,-0.4123344123363495,-0.41307955980300903
382,-0.4005693793296814,-0.40117138624191284
383,-0.3879646360874176,-0.3883671164512634
384,-0.37454354763031006,-0.37453359365463257
385,-0.36033177375793457,-0.3603932857513428
386,-0.3453575372695923,-0.3451905846595764
387,-0.3296513259410858,-0.3293682038784027
388,-0.31324514746665955,-0.3129981458187103
389,-0.29617321491241455,-0.2959161400794983
390,-0.2784717381000519,-0.27822577953338623
391,-0.26017892360687256,-0.2600868344306946
392,-0.24133488535881042,-0.2412353903055191
393,-0.22198162972927094,-0.222011536359787
394,-0.20216310024261475,-0.20233750343322754
395,-0.18192502856254578,-0.18210992217063904
396,-0.16131386160850525,-0.16174989938735962
397,-0.140377938747406,-0.14071784913539886
398,-0.11916688829660416,-0.1196545660495758
399,-0.09773137420415878,-0.09837187826633453
400,-0.07612316310405731,-0.07676364481449127
401,-0.05439509451389313,-0.05509991943836212
402,-0.03260108456015587,-0.03315986692905426
403,-0.010795759037137032,-0.011203959584236145
404,0.010966318659484386,0.010546311736106873
405,0.0326291099190712,0.032271966338157654
406,0.054136525839567184,0.053832486271858215
407,0.07543254643678665,0.07521189749240875
408,0.09646124392747879,0.09632997214794159
409,0.11716675013303757,0.11703307926654816
410,0.1374932825565338,0.13745950162410736
411,0.15738514065742493,0.15728308260440826
412,0.17678868770599365,0.17667503654956818
413,0.1956499218940735,0.19542883336544037
414,0.21391333639621735,0.21372316777706146
415,0.23152509331703186,0.23133476078510284
416,0.24843306839466095,0.24832133948802948
417,0.26458683609962463,0.26431936025619507
418,0.2799377143383026,0.27952420711517334
419,0.2944386303424835,0.294083833694458
420,0.30804431438446045,0.30769503116607666
421,0.3207111358642578,0.32025742530822754
422,0.3323972225189209,0.3319528102874756
423,0.3430623412132263,0.3427548408508301
424,0.35266998410224915,0.35228848457336426
425,0.3611837327480316,0.36083531379699707
426,0.3685683608055115,0.3682011365890503
427,0.37479209899902344,0.3743768334388733
428,0.3798266053199768,0.379402756690979
429,0.38364705443382263,0.38325512409210205
430,0.38623204827308655,0.38584446907043457
431,0.3875636160373688,0.3872465491294861
432,0.3876272439956665,0.38724416494369507
433,0.3864119350910187,0.38603144884109497
434,0.38391005992889404,0.3835318088531494
435,0.38011738657951355,0.3797561526298523
436,0.3750316798686981,0.3746567964553833
437,0.36865535378456116,0.3683279752731323
438,0.3609951138496399,0.36063987016677856
439,0.35206130146980286,0.3516862392425537
440,0.34186798334121704,0.3414144515991211
441,0.3304329514503479,0.330078661441803
442,0.3177776634693146,0.31740647554397583
443,0.3039272725582123,0.3036532998085022
444,0.28891023993492126,0.28858768939971924
445,0.27275753021240234,0.2724289894104004
446,0.25550392270088196,0.2551822066307068
447,0.237186461687088,0.23693929612636566
448,0.21784432232379913,0.21753083169460297
449,0.19751892983913422,0.19722749292850494
450,0.1762537956237793,0.17594493925571442
451,0.15409469604492188,0.15380491316318512
452,0.1310894936323166,0.1308068484067917
453,0.10728751122951508,0.10699598491191864
454,0.08273977786302567,0.0824459046125412
455,0.05749937891960144,0.05723942816257477
456,0.031620826572179794,0.031367674469947815
457,0.0051600574515759945,0.0049129873514175415
458,-0.021825559437274933,-0.02199918031692505
459,-0.04927721992135048,-0.049513041973114014
460,-0.07713401317596436,-0.07736234366893768
461,-0.10533247143030167,-0.10542960464954376
462,-0.13380809128284454,-0.13401231169700623
463,-0.16249550879001617,-0.16265708208084106
464,-0.19132831692695618,-0.19145719707012177
465,-0.22023743391036987,-0.22043724358081818
466,-0.24915248155593872,-0.24934734404087067
467,-0.27800309658050537,-0.2782115340232849
468,-0.3067188262939453,-0.30685174465179443
469,-0.33522751927375793,-0.3354233503341675
470,-0.36345577239990234,-0.36363351345062256
471,-0.3913309574127197,-0.3914368748664856
472,-0.4187811017036438,-0.4189567565917969
473,-0.4457338750362396,-0.44583410024642944
474,-0.47211650013923645,-0.4722825884819031
475,-0.49785754084587097,-0.49802297353744507
476,-0.5228867530822754,-0.5230488181114197
477,-0.5471346974372864,-0.5473014116287231
478,-0.570532500743866,-0.5707039833068848
479,-0.5930130481719971,-0.593177318572998
480,-0.6145113706588745,-0.6146837472915649
481,-0.6349639296531677,-0.635128915309906
482,-0.6543086767196655,-0.6544048190116882
483,-0.6724860072135925,-0.6726445555686951
484,-0.6894389986991882,-0.6895431876182556
485,-0.7051131725311279,-0.7052067518234253
486,-0.719456136226654,-0.7196195125579834
487,-0.7324184775352478,-0.7325842976570129
488,-0.743954062461853,-0.7441228032112122
489,-0.7540199160575867,-0.7541919350624084
490,-0.762576162815094,-0.762751579284668
491,-0.7695858478546143,-0.7697650194168091
492,-0.7750159502029419,-0.7751996517181396
493,-0.7788373231887817,-0.7790161371231079
494,-0.7810245752334595,-0.7812343239784241
495,-0.7815555334091187,-0.781764030456543
496,-0.7804121971130371,-0.7806179523468018
497,-0.7775807976722717,-0.7778005003929138
498,-0.7730517387390137,-0.7732561230659485
499,-0.7668196558952332,-0.7670387625694275
500,-0.7588829398155212,-0.7590439319610596
501,-0.7492443323135376,-0.749481201171875
502,-0.7379111051559448,-0.7381557822227478
503,-0.7248948812484741,-0.725147545337677
504,-0.7102118134498596,-0.7104725241661072
505,-0.6938821077346802,-0.6940771341323853
506,-0.6759302020072937,-0.6762255430221558
507,-0.6563847661018372,-0.6567628979682922
508,-0.63527911901474,-0.6355985403060913
509,-0.6126509308815002,-0.6129552125930786
510,-0.5885421633720398,-0.5887810587882996
511,-0.5629985332489014,-0.5634127259254456
512,-0.5360698103904724,-0.5362881422042847
513,-0.5078096985816956,-0.5080636739730835
514,-0.4782760441303253,-0.4785211682319641
515,-0.4475305676460266,-0.44780272245407104
516,-0.4156390428543091,-0.41592252254486084
517,-0.3826700448989868,-0.38296324014663696
518,-0.3486958146095276,-0.3489481210708618
519,-0.31379175186157227,-0.3140593469142914
520,-0.27803656458854675,-0.27838456630706787
521,-0.2415119707584381,-0.24184513092041016
522,-0.20430269837379456,-0.20460039377212524
523,-0.1664956510066986,-0.16691020131111145
524,-0.12818050384521484,-0.128543421626091
525,-0.0894489735364914,-0.08977587521076202
526,-0.05039476603269577,-0.0507768839597702
527,-0.011113525368273258,-0.011540666222572327
528,0.028297273442149162,0.02789585292339325
529,0.06773959845304489,0.0673278421163559
530,0.10711266845464706,0.10669092833995819
531,0.146314799785614,0.14588402211666107
532,0.18524399399757385,0.18480516970157623
533,0.2237979918718338,0.22335185110569
534,0.2618742287158966,0.2614091634750366
535,0.2993698716163635,0.29891687631607056
536,0.33618175983428955,0.3357328772544861
537,0.3722074627876282,0.37175071239471436
538,0.4073437452316284,0.40686559677124023
539,0.4414869248867035,0.44105064868927
540,0.47453388571739197,0.47403693199157715
541,0.506382167339325,0.5059784650802612
542,0.5369297862052917,0.5363970994949341
543,0.5660753846168518,0.5655429363250732
544,0.5937182307243347,0.5932588577270508
545,0.6197580695152283,0.619233250617981
546,0.6440935134887695,0.6435902118682861
547,0.6666223406791687,0.6661146879196167
548,0.6872382760047913,0.6866937875747681
549,0.7058287262916565,0.7052736878395081
550,0.722274899482727,0.7217576503753662
551,0.7364516258239746,0.7359809875488281
552,0.7482275366783142,0.7477104663848877
553,0.7574648857116699,0.7570361495018005
554,0.7640196681022644,0.7636228799819946
555,0.7677416205406189,0.767326831817627
556,0.7685173749923706,0.7680685520172119
557,0.7662121653556824,0.7656539678573608
558,0.7605058550834656,0.7599412202835083
559,0.7511245608329773,0.7507028579711914
560,0.7378520965576172,0.7375439405441284
561,0.720530092716217,0.7203966975212097
562,0.6990576386451721,0.6990483999252319
563,0.6733916997909546,0.6734228134155273
564,0.6435468196868896,0.643492579460144
565,0.6095952391624451,0.6093695163726807
566,0.5716668963432312,0.5713151097297668
567,0.5300750136375427,0.5297266244888306
568,0.48550185561180115,0.485184907913208
569,0.4386114776134491,0.4381324052810669
570,0.39011335372924805,0.3896637558937073
571,0.34076350927352905,0.34032630920410156
572,0.2912972569465637,0.2909678816795349
573,0.24234947562217712,0.2419840544462204
574,0.1944180279970169,0.19417019188404083
575,0.1478559523820877,0.14768977463245392
576,0.10288140922784805,0.10268907248973846
577,0.05954226851463318,0.05934460461139679
578,0.017765089869499207,0.017742261290550232
579,-0.02256007120013237,-0.022624000906944275
580,-0.06157838925719261,-0.061655670404434204
581,-0.09947273880243301,-0.09949266910552979
582,-0.13644161820411682,-0.13651247322559357
583,-0.17263701558113098,-0.17272409796714783
584,-0.208205908536911,-0.20823922753334045
585,-0.24325449764728546,-0.2432844191789627
586,-0.2778303921222687,-0.27780577540397644
587,-0.31198105216026306,-0.3118883967399597
588,-0.3457237482070923,-0.345557302236557
589,-0.37903353571891785,-0.3787689208984375
590,-0.4118824601173401,-0.4116275906562805
591,-0.4442214071750641,-0.44398635625839233
592,-0.4759919047355652,-0.4758681058883667
593,-0.5071300268173218,-0.5070904493331909
594,-0.5375626087188721,-0.5375880599021912
595,-0.5672164559364319,-0.5673496127128601
596,-0.5960144996643066,-0.5962063670158386
597,-0.6238797903060913,-0.6241011619567871
598,-0.6507356762886047,-0.6510010361671448
599,-0.6765058636665344,-0.6766663193702698
600,-0.7011162042617798,-0.7012388110160828
601,-0.724493682384491,-0.7245208621025085
602,-0.7465676665306091,-0.7466063499450684
603,-0.7672702074050903,-0.7672329545021057
604,-0.7865355610847473,-0.7864307165145874
605,-0.8043011426925659,-0.8041765689849854
606,-0.8205075860023499,-0.8204360604286194
607,-0.8350986242294312,-0.8350613713264465
608,-0.848021388053894,-0.8479593992233276
609,-0.8592267632484436,-0.8592838048934937
610,-0.868669867515564,-0.8687956929206848
611,-0.8763090968132019,-0.8764393329620361
612,-0.8821070790290833,-0.8823443055152893
613,-0.8860309720039368,-0.8862778544425964
614,-0.8880524039268494,-0.8883600234985352
615,-0.8881472945213318,-0.8884674310684204
616,-0.8862959742546082,-0.8865470886230469
617,-0.8824834227561951,-0.8827781677246094
618,-0.8766998052597046,-0.8769189715385437
619,-0.8689401745796204,-0.8691626191139221
620,-0.8592042922973633,-0.8593956828117371
621,-0.8474965691566467,-0.8476521372795105
622,-0.8338266015052795,-0.833956778049469
623,-0.8182092308998108,-0.8182669878005981
624,-0.800664484500885,-0.8007582426071167
625,-0.7812172174453735,-0.7812600135803223
626,-0.7598971128463745,-0.7599688768386841
627,-0.7367388606071472,-0.7367714643478394
628,-0.7117822766304016,-0.7118059992790222
629,-0.6850724220275879,-0.6851333975791931
630,-0.6566591858863831,-0.6567485928535461
631,-0.6265966892242432,-0.6267052888870239
632,-0.5949438810348511,-0.5950402021408081
633,-0.5617645382881165,-0.5619109272956848
634,-0.5271269679069519,-0.5272760987281799
635,-0.4911040663719177,-0.49140679836273193
636,-0.45377254486083984,-0.45401105284690857
637,-0.4152132570743561,-0.41547977924346924
638,-0.37551090121269226,-0.37580031156539917
639,-0.3347541391849518,-0.3350430428981781
640,-0.2930353879928589,-0.2933754026889801
641,-0.2504502534866333,-0.25078630447387695
642,-0.20709751546382904,-0.20742754638195038
643,-0.16307899355888367,-0.16349764168262482
644,-0.11849913746118546,-0.11881522834300995
645,-0.07346507161855698,-0.07364872097969055
646,-0.028086431324481964,-0.028360947966575623
647,0.01752564311027527,0.017254605889320374
648,0.06325704604387283,0.06295336782932281
649,0.10899224132299423,0.10868699848651886
650,0.15461470186710358,0.15430666506290436
651,0.2000068575143814,0.1997816413640976
652,0.24505017697811127,0.2447010725736618
653,0.2896251082420349,0.2893015742301941
654,0.33361196517944336,0.3332810401916504
655,0.37688982486724854,0.3765506148338318
656,0.4193367660045624,0.4188755750656128
657,0.4608304798603058,0.4605458974838257
658,0.5012483596801758,0.5009039044380188
659,0.5404675602912903,0.540127158164978
660,0.5783648490905762,0.5780739188194275
661,0.6148166656494141,0.614371657371521
662,0.6496971249580383,0.6493780016899109
663,0.6828731894493103,0.6825063228607178
664,0.7142227292060852,0.713851809501648
665,0.7436091899871826,0.7431737780570984
666,0.7708784341812134,0.7704911231994629
667,0.7958585619926453,0.7955319881439209
668,0.8183601498603821,0.818061351776123
669,0.8381759524345398,0.8379216194152832
670,0.8550812005996704,0.8548831939697266
671,0.8688340187072754,0.8686749935150146
672,0.8792135119438171,0.8789236545562744
673,0.8857874870300293,0.8854842185974121
674,0.8879960775375366,0.8879555463790894
675,0.8852466940879822,0.8853994607925415
676,0.8769139051437378,0.8772242069244385
677,0.8623393774032593,0.862701416015625
678,0.8408320546150208,0.8411448001861572
679,0.8116681575775146,0.8118656873703003
680,0.774093508720398,0.7743350267410278
681,0.7276782989501953,0.7278991937637329
682,0.6725354790687561,0.6726467609405518
683,0.609309732913971,0.6093319654464722
684,0.5392894744873047,0.5391646027565002
685,0.46448197960853577,0.46425843238830566
686,0.38731884956359863,0.3870057463645935
687,0.3103993237018585,0.3101625442504883
688,0.23622791469097137,0.23602207005023956
689,0.16658979654312134,0.16628403961658478
690,0.10268275439739227,0.10234735906124115
691,0.04515360668301582,0.04484035074710846
692,-0.0059017459861934185,-0.005947098135948181
693,-0.051014382392168045,-0.050632551312446594
694,-0.09116151183843613,-0.09061917662620544
695,-0.12710314989089966,-0.12627533078193665
696,-0.15961799025535583,-0.15883570909500122
697,-0.18947236239910126,-0.1888584941625595
698,-0.21719864010810852,-0.2169514298439026
699,-0.24324931204319,-0.2435102015733719
700,-0.26802369952201843,-0.2685089111328125
701,-0.2917541265487671,-0.2922634184360504
702,-0.3146232068538666,-0.3147852420806885
703,-0.3367787003517151,-0.3364148736000061
704,-0.3582746982574463,-0.35735487937927246
705,-0.3791525661945343,-0.3777564764022827
706,-0.3994269371032715,-0.39772993326187134
707,-0.4190830588340759,-0.41760480403900146
708,-0.4381020665168762,-0.43712252378463745
709,-0.4564501941204071,-0.4561395049095154
710,-0.47408995032310486,-0.4744086265563965
711,-0.4909803569316864,-0.49173080921173096
712,-0.5070772171020508,-0.5080322623252869
713,-0.5223372578620911,-0.5233235359191895
714,-0.5367159247398376,-0.5374914407730103
715,-0.5501702427864075,-0.5506765246391296
716,-0.5626585483551025,-0.562852144241333
717,-0.574140191078186,-0.5740472078323364
718,-0.5845770239830017,-0.5842466950416565
719,-0.5939326882362366,-0.5934407711029053
720,-0.6021729707717896,-0.6015858054161072
721,-0.6092662215232849,-0.6086428165435791
722,-0.615183413028717,-0.6146023869514465
723,-0.6198979616165161,-0.6193947792053223
724,-0.6233858466148376,-0.6230242252349854
725,-0.625626266002655,-0.6254432797431946
726,-0.6266012787818909,-0.626607358455658
727,-0.6262959241867065,-0.6265350580215454
728,-0.6246979236602783,-0.6251173615455627
729,-0.6217983961105347,-0.6224140524864197
730,-0.6175916790962219,-0.6183145642280579
731,-0.6120753884315491,-0.6127366423606873
732,-0.6052506566047668,-0.6058690547943115
733,-0.5971214175224304,-0.5976217985153198
734,-0.5876948833465576,-0.5881050825119019
735,-0.5769816040992737,-0.5772175192832947
736,-0.5649958252906799,-0.565109133720398
737,-0.551754891872406,-0.5517951846122742
738,-0.5372800230979919,-0.5371914505958557
739,-0.5215954184532166,-0.5214675068855286
740,-0.5047281980514526,-0.5045396089553833
741,-0.4867088794708252,-0.48651355504989624
742,-0.4675711691379547,-0.4673434793949127
743,-0.44735196232795715,-0.4471566677093506
744,-0.4260914921760559,-0.42592480778694153
745,-0.40383321046829224,-0.40373939275741577
746,-0.3806232810020447,-0.38061022758483887
747,-0.3565104007720947,-0.3565784692764282
748,-0.33154621720314026,-0.33170634508132935
749,-0.3057849705219269,-0.30603164434432983
750,-0.2792835533618927,-0.27960363030433655
751,-0.25210148096084595,-0.25249558687210083
752,-0.22430086135864258,-0.2247091829776764
753,-0.19594551622867584,-0.19636639952659607
754,-0.1671013981103897,-0.16753548383712769
755,-0.13783647119998932,-0.1383114904165268
756,-0.10822033882141113,-0.10858756303787231
757,-0.07832422107458115,-0.0786571204662323
758,-0.048220954835414886,-0.04851466417312622
759,-0.01798490434885025,-0.018243059515953064
760,0.012309177778661251,0.012062355875968933
761,0.0425846166908741,0.0423932820558548
762,0.07276399433612823,0.0725969523191452
763,0.1027696430683136,0.10258983075618744
764,0.13252368569374084,0.13238395750522614
765,0.16194798052310944,0.16177813708782196
766,0.19096417725086212,0.19085921347141266
767,0.2194938063621521,0.21934281289577484
768,0.24746134877204895,0.24729548394680023
769,0.2747880220413208,0.2746436595916748
770,0.3013944923877716,0.30115580558776855
771,0.3272031247615814,0.3269631266593933
772,0.35213789343833923,0.35189151763916016
773,0.37612447142601013,0.3757290840148926
774,0.3990902006626129,0.3986293077468872
775,0.4209640622138977,0.4206409454345703
776,0.44167667627334595,0.4413567781448364
777,0.46116045117378235,0.4608455300331116
778,0.479349285364151,0.478943407535553
779,0.4961796700954437,0.4958690404891968
780,0.5115900635719299,0.5112408995628357
781,0.5255162715911865,0.5252434611320496
782,0.5378974676132202,0.537570595741272
783,0.548676609992981,0.5482510328292847
784,0.5578003525733948,0.5574044585227966
785,0.5652192234992981,0.5649392604827881
786,0.5708874464035034,0.5705409049987793
787,0.5747630000114441,0.5743597745895386
788,0.5768077373504639,0.5764962434768677
789,0.5769871473312378,0.5766138434410095
790,0.5752739906311035,0.5749890804290771
791,0.5716461539268494,0.5712635517120361
792,0.5660792589187622,0.5657395124435425
793,0.5585596561431885,0.5582185387611389
794,0.5490849018096924,0.5487258434295654
795,0.5376635789871216,0.5373166799545288
796,0.5243154168128967,0.5239770412445068
797,0.5090712904930115,0.5088061094284058
798,0.4919731616973877,0.49167269468307495
799,0.47307416796684265,0.4727184772491455
800,0.45243850350379944,0.45222198963165283
801,0.4301415979862213,0.42990177869796753
802,0.4062698781490326,0.406154990196228
803,0.38092100620269775,0.38075268268585205
804,0.3541963994503021,0.35403668880462646
805,0.32618793845176697,0.32598423957824707
806,0.29700183868408203,0.29688459634780884
807,0.26673948764801025,0.2666205167770386
808,0.23549628257751465,0.23536096513271332
809,0.20336146652698517,0.20322556793689728
810,0.1704181730747223,0.17027102410793304
811,0.136743426322937,0.1366186887025833
812,0.10240842401981354,0.10229618847370148
813,0.06748016923666,0.06741313636302948
814,0.03202148899435997,0.0319414883852005
815,-0.003907537087798119,-0.004072457551956177
816,-0.04024944826960564,-0.040374115109443665
817,-0.07694939523935318,-0.07698892056941986
818,-0.11394954472780228,-0.11402075737714767
819,-0.15118348598480225,-0.15125706791877747
820,-0.18858462572097778,-0.18871140480041504
821,-0.22608530521392822,-0.22609613835811615
822,-0.26360955834388733,-0.26366379857063293
823,-0.3010770082473755,-0.30112606287002563
824,-0.33840787410736084,-0.33844754099845886
825,-0.375517338514328,-0.3755890130996704
826,-0.4123155474662781,-0.4123518466949463
827,-0.44871363043785095,-0.44871413707733154
828,-0.48462116718292236,-0.48467007279396057
829,-0.5199450254440308,-0.520064651966095
830,-0.5545935034751892,-0.5546061396598816
831,-0.5884746313095093,-0.5885320901870728
832,-0.6214962601661682,-0.6215081214904785
833,-0.6535681486129761,-0.6536194682121277
834,-0.6846008896827698,-0.6846668124198914
835,-0.7145062685012817,-0.7145381569862366
836,-0.7431984543800354,-0.7432604432106018
837,-0.7705937623977661,-0.7706181406974792
838,-0.7966102361679077,-0.7966234087944031
839,-0.8211689591407776,-0.8212308287620544
840,-0.8441941142082214,-0.8443238139152527
841,-0.8656125068664551,-0.8656757473945618
842,-0.8853541016578674,-0.8854194283485413
843,-0.9033527970314026,-0.9034214615821838
844,-0.9195462465286255,-0.9195703864097595
845,-0.933875560760498,-0.9339040517807007
846,-0.9462859034538269,-0.9463192224502563
847,-0.956727147102356,-0.9568142890930176
848,-0.9651536345481873,-0.9651987552642822
849,-0.9715238809585571,-0.9717049598693848
850,-0.9758011102676392,-0.9758990406990051
851,-0.9779537320137024,-0.9780107736587524
852,-0.9779553413391113,-0.9780627489089966
853,-0.975784420967102,-0.9758517146110535
854,-0.9714243412017822,-0.971542477607727
855,-0.9648642539978027,-0.9649380445480347
856,-0.9560987949371338,-0.956235945224762
857,-0.9451280236244202,-0.9451675415039062
858,-0.9319573044776917,-0.9320983290672302
859,-0.9165974855422974,-0.9167461395263672
860,-0.899065375328064,-0.8992388844490051
861,-0.8793835639953613,-0.8795011043548584
862,-0.8575800061225891,-0.8577106595039368
863,-0.8336880803108215,-0.833827793598175
864,-0.8077468276023865,-0.8079465627670288
865,-0.7798010110855103,-0.7800114154815674
866,-0.7499011158943176,-0.7502043843269348
867,-0.7181028127670288,-0.7183369994163513
868,-0.6844668984413147,-0.684662938117981
869,-0.6490594744682312,-0.6492668390274048
870,-0.6119518280029297,-0.6123116612434387
871,-0.5732206702232361,-0.5734997391700745
872,-0.5329473614692688,-0.5332366824150085
873,-0.4912175238132477,-0.49159854650497437
874,-0.44812172651290894,-0.448430597782135
875,-0.40375474095344543,-0.40407317876815796
876,-0.358215868473053,-0.3585434556007385
877,-0.31160828471183777,-0.31195586919784546
878,-0.26403874158859253,-0.26438385248184204
879,-0.21561771631240845,-0.21597151458263397
880,-0.1664588302373886,-0.16682158410549164
881,-0.11667899787425995,-0.11705087125301361
882,-0.06639803200960159,-0.06682750582695007
883,-0.015738096088171005,-0.016128674149513245
884,0.03517552837729454,0.0347733348608017
885,0.08621586859226227,0.08580692112445831
886,0.13725432753562927,0.13683678209781647
887,0.1881607323884964,0.1877346783876419
888,0.23880326747894287,0.23841844499111176
889,0.28904932737350464,0.28865641355514526
890,0.33876481652259827,0.3383832573890686
891,0.38781386613845825,0.3872362971305847
892,0.4360596537590027,0.4355924129486084
893,0.4833645522594452,0.48289310932159424
894,0.5295900702476501,0.5292195677757263
895,0.5745968222618103,0.5741494297981262
896,0.6182445287704468,0.6177956461906433
897,0.6603879928588867,0.659937858581543
898,0.7008749842643738,0.7003207206726074
899,0.7395680546760559,0.739063560962677
900,0.7763078212738037,0.77585768699646
901,0.8109101057052612,0.8103557825088501
902,0.843165397644043,0.8426114320755005
903,0.8728392720222473,0.8723630905151367
904,0.8996719717979431,0.8992524147033691
905,0.9233788847923279,0.9230670928955078
906,0.9436421394348145,0.943276047706604
907,0.9600197076797485,0.9596624374389648
908,0.9718740582466125,0.9714863300323486
909,0.9783740043640137,0.9783083200454712
910,0.9784944653511047,0.9784085750579834
911,0.9710167050361633,0.9710865020751953
912,0.9545281529426575,0.9547040462493896
913,0.9274225234985352,0.9277667999267578
914,0.8879768252372742,0.888332724571228
915,0.8345325589179993,0.834923505783081
916,0.7661110758781433,0.7664785385131836
917,0.6831313967704773,0.683177649974823
918,0.5874291062355042,0.5870710611343384
919,0.4826255738735199,0.48215556144714355
920,0.37434762716293335,0.3737719655036926
921,0.2680419087409973,0.26759159564971924
922,0.1686190366744995,0.1682455986738205
923,0.08008008450269699,0.07957728207111359
924,0.003927784040570259,0.003216758370399475
925,-0.05967593193054199,-0.06073556840419769
926,-0.11156251281499863,-0.11237978935241699
927,-0.153680220246315,-0.15386179089546204
928,-0.1878354698419571,-0.18683218955993652
929,-0.21566182374954224,-0.2135353684425354
930,-0.23881156742572784,-0.23616336286067963
931,-0.25844496488571167,-0.2565115988254547
932,-0.2753514051437378,-0.275189608335495
933,-0.2902448773384094,-0.2919759154319763
934,-0.3035755455493927,-0.30655014514923096
935,-0.31566470861434937,-0.3187137842178345
936,-0.32677069306373596,-0.3285399079322815
937,-0.33702534437179565,-0.3365739583969116
938,-0.3465336263179779,-0.34395939111709595
939,-0.3553590476512909,-0.35145628452301025
940,-0.36353015899658203,-0.3594275712966919
941,-0.37106725573539734,-0.36784622073173523
942,-0.3779716193675995,-0.37629979848861694
943,-0.3842398226261139,-0.38409096002578735
944,-0.38986340165138245,-0.39118093252182007
945,-0.3948296308517456,-0.39705049991607666
946,-0.39912617206573486,-0.4016628563404083
947,-0.4027389585971832,-0.40498295426368713
948,-0.40565457940101624,-0.40744417905807495
949,-0.4078608751296997,-0.4087844491004944
950,-0.40934595465660095,-0.40961700677871704
951,-0.41009968519210815,-0.4097731411457062
952,-0.4101136028766632,-0.4093964993953705
953,-0.4093805253505707,-0.4084574580192566
954,-0.40789490938186646,-0.40686124563217163
955,-0.4056532680988312,-0.4046151041984558
956,-0.40265393257141113,-0.40158623456954956
957,-0.3988969027996063,-0.39793121814727783
958,-0.3943839967250824,-0.3936309218406677
959,-0.38911911845207214,-0.38870155811309814
960,-0.38310810923576355,-0.38306814432144165
961,-0.3763588070869446,-0.37686121463775635
962,-0.3688807487487793,-0.36988627910614014
963,-0.36068546772003174,-0.361888587474823
964,-0.35178637504577637,-0.3531171381473541
965,-0.34219881892204285,-0.3435388505458832
966,-0.3319401443004608,-0.33308693766593933
967,-0.3210296034812927,-0.32192766666412354
968,-0.30948835611343384,-0.31016719341278076
969,-0.29733914136886597,-0.29767194390296936
970,-0.28460633754730225,-0.28468966484069824
971,-0.2713160514831543,-0.27121585607528687
972,-0.25749608874320984,-0.257281094789505
973,-0.24317581951618195,-0.24285146594047546
974,-0.22838634252548218,-0.22798818349838257
975,-0.2131604254245758,-0.21272094547748566
976,-0.19753247499465942,-0.19699347019195557
977,-0.18153835833072662,-0.18106204271316528
978,-0.16521410644054413,-0.16477899253368378
979,-0.1485976278781891,-0.14824259281158447
980,-0.1317279040813446,-0.13150209188461304
981,-0.1146448478102684,-0.11467325687408447
982,-0.09738928079605103,-0.09755054116249084
983,-0.08000294864177704,-0.08024458587169647
984,-0.06252850592136383,-0.06288442015647888
985,-0.04500953480601311,-0.04542726278305054
986,-0.027490172535181046,-0.027956947684288025
987,-0.010014011524617672,-0.010477766394615173
988,0.007373985834419727,0.006945356726646423
989,0.024628784507513046,0.024256154894828796
990,0.041705451905727386,0.04140935838222504
991,0.05855915695428848,0.05830220878124237
992,0.0751451775431633,0.07496412098407745
993,0.09141889214515686,0.09132517874240875
994,0.10733578354120255,0.1072998195886612
995,0.12285225838422775,0.12290750443935394
996,0.13792583346366882,0.1380278319120407
997,0.15251260995864868,0.1526542454957962
998,0.16656990349292755,0.16671542823314667
999,0.18005643784999847,0.18020175397396088
1000,0.19293230772018433,0.19306541979312897
1001,0.20515893399715424,0.20528070628643036
1002,0.21669918298721313,0.21675275266170502
1003,0.22751721739768982,0.2275710552930832
1004,0.2375786304473877,0.23760239779949188
1005,0.24685032665729523,0.2468455284833908
1006,0.2553011476993561,0.2552814483642578
1007,0.26290416717529297,0.2628815770149231
1008,0.26963022351264954,0.2695472836494446
1009,0.2754518687725067,0.27531230449676514
1010,0.28034430742263794,0.2802169919013977
1011,0.2842855453491211,0.28416144847869873
1012,0.2872561514377594,0.28709208965301514
1013,0.2892394959926605,0.289059579372406
1014,0.29022160172462463,0.29003793001174927
1015,0.2901912331581116,0.2900536060333252
1016,0.28913983702659607,0.2888960838317871
1017,0.28706154227256775,0.28676891326904297
1018,0.2839531898498535,0.2837250232696533
1019,0.27981436252593994,0.2795817255973816
1020,0.2746472954750061,0.2744107246398926
1021,0.2684566080570221,0.2682914733886719
1022,0.26124778389930725,0.2610049843788147
1023,0.2530305087566376,0.2527872323989868
1024,0.24381737411022186,0.2436518520116806
1025,0.23362356424331665,0.23345784842967987
1026,0.22246679663658142,0.22230540215969086
1027,0.21036741137504578,0.21010877192020416
1028,0.19734825193881989,0.19719506800174713
1029,0.18343475461006165,0.183286651968956
1030,0.16865475475788116,0.16850535571575165
1031,0.15303795039653778,0.15289996564388275
1032,0.13661624491214752,0.13650967180728912
1033,0.11942355334758759,0.11929534375667572
1034,0.10149572789669037,0.10136626660823822
1035,0.08287056535482407,0.08275310695171356
1036,0.06358778476715088,0.06350378692150116
1037,0.0436890684068203,0.043583765625953674
1038,0.023218028247356415,0.023118898272514343
1039,0.0022198022343218327,0.002126649022102356
1040,-0.019259382039308548,-0.01934640109539032
1041,-0.04117126762866974,-0.04125240445137024
1042,-0.06346630305051804,-0.06365486979484558
1043,-0.08609367161989212,-0.08616353571414948
1044,-0.10900121182203293,-0.10906526446342468
1045,-0.13213501870632172,-0.13218015432357788
1046,-0.15544022619724274,-0.15560927987098694
1047,-0.1788613200187683,-0.1789545863866806
1048,-0.20234210789203644,-0.2024591863155365
1049,-0.22582504153251648,-0.22586305439472198
1050,-0.24925152957439423,-0.24935626983642578
1051,-0.2725629508495331,-0.2725917100906372
1052,-0.29570072889328003,-0.29573288559913635
1053,-0.3186061680316925,-0.3186265826225281
1054,-0.3412194550037384,-0.3412354290485382
1055,-0.3634810149669647,-0.3634932041168213
1056,-0.38533201813697815,-0.3853411078453064
1057,-0.40671437978744507,-0.4067206382751465
1058,-0.42757025361061096,-0.42757338285446167
1059,-0.4478417634963989,-0.44784191250801086
1060,-0.46747222542762756,-0.46759817004203796
1061,-0.48640644550323486,-0.48640185594558716
1062,-0.5045905113220215,-0.5045835375785828
1063,-0.5219714045524597,-0.5219619274139404
1064,-0.5384971499443054,-0.5384888052940369
1065,-0.5541177988052368,-0.5541048645973206
1066,-0.5687854886054993,-0.5687717199325562
1067,-0.5824543833732605,-0.582439661026001
1068,-0.5950798392295837,-0.5950707197189331
1069,-0.6066195964813232,-0.606721818447113
1070,-0.6170340180397034,-0.6170189380645752
1071,-0.6262860298156738,-0.6262717843055725
1072,-0.6343410015106201,-0.6343277096748352
1073,-0.6411664485931396,-0.641154408454895
1074,-0.6467328667640686,-0.6467422246932983
1075,-0.6510138511657715,-0.6510059237480164
1076,-0.6539859771728516,-0.6539813280105591
1077,-0.6556289792060852,-0.6556279063224792
1078,-0.6559252142906189,-0.6559279561042786
1079,-0.6548603177070618,-0.6548674702644348
1080,-0.6524233818054199,-0.6524630188941956
1081,-0.648607075214386,-0.6486247181892395
1082,-0.64340740442276,-0.6434304118156433
1083,-0.6368235945701599,-0.6368613839149475
1084,-0.6288581490516663,-0.6289604902267456
1085,-0.6195172071456909,-0.6195583343505859
1086,-0.608810544013977,-0.6089101433753967
1087,-0.5967515110969543,-0.5968580842018127
1088,-0.5833573341369629,-0.5834200978279114
1089,-0.5686482191085815,-0.5687183141708374
1090,-0.5526478290557861,-0.5527744889259338
1091,-0.5353833436965942,-0.5354689359664917
1092,-0.5168855786323547,-0.516979455947876
1093,-0.4971886873245239,-0.4973382353782654
1094,-0.47633060812950134,-0.4764423966407776
1095,-0.45435255765914917,-0.45447301864624023
1096,-0.4312983453273773,-0.43147194385528564
1097,-0.4072151780128479,-0.4074486494064331
1098,-0.382153183221817,-0.38229963183403015
1099,-0.35616567730903625,-0.3563372790813446
1100,-0.3293088972568512,-0.32950687408447266
1101,-0.3016422390937805,-0.30181705951690674
1102,-0.2732274532318115,-0.2734115421772003
1103,-0.24412843585014343,-0.24433006346225739
1104,-0.21441173553466797,-0.2146952599287033
1105,-0.18414606153964996,-0.18439942598342896
1106,-0.15340223908424377,-0.15362238883972168
1107,-0.1222531646490097,-0.12248261272907257
1108,-0.09077379107475281,-0.0910303145647049
1109,-0.05904007330536842,-0.05928732454776764
1110,-0.02713007852435112,-0.02739374339580536
1111,0.004876970313489437,0.004613324999809265
1112,0.03690100461244583,0.036629632115364075
1113,0.06886111199855804,0.06858216226100922
1114,0.10067553073167801,0.10038898885250092
1115,0.13226164877414703,0.13196782767772675
1116,0.16353797912597656,0.1632358282804489
1117,0.19442129135131836,0.19411008059978485
1118,0.22482682764530182,0.2245231717824936
1119,0.25467079877853394,0.2543141841888428
1120,0.2838703393936157,0.28350526094436646
1121,0.3123435378074646,0.3120100498199463
1122,0.3400094211101532,0.33967500925064087
1123,0.36678797006607056,0.366412878036499
1124,0.39260005950927734,0.3922651410102844
1125,0.4173676073551178,0.4169893264770508
1126,0.44101399183273315,0.44067633152008057
1127,0.46346384286880493,0.46312224864959717
1128,0.4846406579017639,0.4842958450317383
1129,0.50447016954422,0.5041276216506958
1130,0.5228803157806396,0.5225350856781006
1131,0.5398014187812805,0.5393847227096558
1132,0.5551660656929016,0.5548301935195923
1133,0.568909227848053,0.5685804486274719
1134,0.5809680819511414,0.5806464552879333
1135,0.5912821888923645,0.5909671187400818
1136,0.5997992157936096,0.599477231502533
1137,0.6064722537994385,0.606139600276947
1138,0.6112324595451355,0.6108722686767578
1139,0.6140180230140686,0.6136372685432434
1140,0.6147764921188354,0.6143859624862671
1141,0.6134641766548157,0.6131496429443359
1142,0.6100468039512634,0.6097609400749207
1143,0.6044990420341492,0.6042431592941284
1144,0.5968047380447388,0.5965182781219482
1145,0.5869567394256592,0.5867446660995483
1146,0.5749570727348328,0.5747532844543457
1147,0.5608168840408325,0.5606145858764648
1148,0.5445563793182373,0.5443361401557922
1149,0.5262148976325989,0.5259563326835632
1150,0.5058602690696716,0.5056721568107605
1151,0.4835735261440277,0.4833906888961792
1152,0.45945030450820923,0.4591858386993408
1153,0.43360045552253723,0.4332858920097351
1154,0.4061482846736908,0.40584641695022583
1155,0.37722811102867126,0.37693846225738525
1156,0.34698134660720825,0.3467048406600952
1157,0.3155527114868164,0.3152856230735779
1158,0.2830778658390045,0.2828177809715271
1159,0.24968306720256805,0.2494225949048996
1160,0.21548523008823395,0.21524523198604584
1161,0.18059302866458893,0.18036682903766632
1162,0.14510005712509155,0.14488564431667328
1163,0.10907838493585587,0.10887770354747772
1164,0.0725930854678154,0.07240842282772064
1165,0.03570318594574928,0.03553663194179535
1166,-0.0015384330181404948,-0.0016207695007324219
1167,-0.03908514976501465,-0.03921625018119812
1168,-0.07689642906188965,-0.07701273262500763
1169,-0.11492471396923065,-0.11496472358703613
1170,-0.15312080085277557,-0.15321190655231476
1171,-0.1914345622062683,-0.1915113925933838
1172,-0.22980248928070068,-0.2298649549484253
1173,-0.2681557834148407,-0.26814812421798706
1174,-0.30642685294151306,-0.30648699402809143
1175,-0.3445384204387665,-0.3445724844932556
1176,-0.3824058473110199,-0.3823752701282501
1177,-0.41994479298591614,-0.41996556520462036
1178,-0.4570659101009369,-0.4570830464363098
1179,-0.4936774969100952,-0.4936928153038025
1180,-0.5296881794929504,-0.5297015309333801
1181,-0.5650040507316589,-0.5650548338890076
1182,-0.5995317101478577,-0.5995402932167053
1183,-0.6331785917282104,-0.6332104206085205
1184,-0.6658520698547363,-0.6658542156219482
1185,-0.6974611878395081,-0.697458028793335
1186,-0.7279167771339417,-0.7279066443443298
1187,-0.7571308016777039,-0.7571139335632324
1188,-0.7850178480148315,-0.7849564552307129
1189,-0.8114952445030212,-0.8114582896232605
1190,-0.836482048034668,-0.8364492058753967
1191,-0.8599008917808533,-0.859865665435791
1192,-0.881677508354187,-0.8816405534744263
1193,-0.9017409086227417,-0.9017043113708496
1194,-0.9200233817100525,-0.9200433492660522
1195,-0.9364612698554993,-0.9364321231842041
1196,-0.9509952068328857,-0.9509717226028442
1197,-0.9635695219039917,-0.9635522961616516
1198,-0.974132776260376,-0.9741222262382507
1199,-0.9826385378837585,-0.9826346635818481
1200,-0.9890450835227966,-0.9890471696853638
1201,-0.9933152794837952,-0.9933223724365234
1202,-0.9954166412353516,-0.9954281449317932
1203,-0.9953224062919617,-0.9953380823135376
1204,-0.9930110573768616,-0.9930304288864136
1205,-0.988466203212738,-0.9885451793670654
1206,-0.9816766977310181,-0.9817197918891907
1207,-0.9726370573043823,-0.97266685962677
1208,-0.9613476395606995,-0.9614013433456421
1209,-0.9478145241737366,-0.9478563070297241
1210,-0.9320490956306458,-0.9320939183235168
1211,-0.9140684008598328,-0.9141271710395813
1212,-0.8938955068588257,-0.8939553499221802
1213,-0.8715594410896301,-0.8716381788253784
1214,-0.8470948338508606,-0.847186267375946
1215,-0.8205416202545166,-0.8206467628479004
1216,-0.7919454574584961,-0.7920655012130737
1217,-0.7613579034805298,-0.7614935636520386
1218,-0.7288362383842468,-0.7289869785308838
1219,-0.6944429278373718,-0.6946114897727966
1220,-0.6582456231117249,-0.6584258079528809
1221,-0.6203171610832214,-0.6205102801322937
1222,-0.5807356238365173,-0.5809447765350342
1223,-0.5395843386650085,-0.5398180484771729
1224,-0.4969514012336731,-0.4971950054168701
1225,-0.4529290497303009,-0.45318013429641724
1226,-0.4076142907142639,-0.4078688323497772
1227,-0.3611082434654236,-0.36138641834259033
1228,-0.3135164976119995,-0.3138079345226288
1229,-0.2649482190608978,-0.2652527689933777
1230,-0.21551625430583954,-0.2158338874578476
1231,-0.16533678770065308,-0.16567835211753845
1232,-0.114529088139534,-0.11489748954772949
1233,-0.06321540474891663,-0.06357359886169434
1234,-0.0115207489579916,-0.011880680918693542
1235,0.04042796045541763,0.04003922641277313
1236,0.09250042587518692,0.09209536015987396
1237,0.14456477761268616,0.14414383471012115
1238,0.1964879333972931,0.19605480134487152
1239,0.2481354922056198,0.2477102130651474
1240,0.2993718385696411,0.29889047145843506
1241,0.35006004571914673,0.3495868444442749
1242,0.40006208419799805,0.3995751738548279
1243,0.4492391347885132,0.44873732328414917
1244,0.49745070934295654,0.49693429470062256
1245,0.5445542931556702,0.5440263152122498
1246,0.5904056429862976,0.5898705124855042
1247,0.6348583102226257,0.6343326568603516
1248,0.6777641773223877,0.6772236824035645
1249,0.7189716100692749,0.7184287905693054
1250,0.7583120465278625,0.7577748894691467
1251,0.7956318259239197,0.7950811386108398
1252,0.8307502269744873,0.8301746845245361
1253,0.863446831703186,0.8628510236740112
1254,0.8934611678123474,0.8928900957107544
1255,0.9204931259155273,0.9199730157852173
1256,0.9442026019096375,0.9437469244003296
1257,0.9642103314399719,0.9637820720672607
1258,0.9800264239311218,0.9795842170715332
1259,0.99089515209198,0.9905738830566406
1260,0.9958220720291138,0.9956812858581543
1261,0.9935802817344666,0.9935839176177979
1262,0.9827107191085815,0.9828190803527832
1263,0.9615220427513123,0.9617503881454468
1264,0.9280905723571777,0.9283708333969116
1265,0.8804683685302734,0.8807885646820068
1266,0.8169276118278503,0.817182183265686
1267,0.736953854560852,0.7370568513870239
1268,0.6418101191520691,0.641562819480896
1269,0.5345326066017151,0.5338721871376038
1270,0.42045775055885315,0.4196748733520508
1271,0.3062877058982849,0.3057160973548889
1272,0.1978849321603775,0.19741396605968475
1273,0.10015128552913666,0.0996382087469101
1274,0.0160178504884243,0.015285298228263855
1275,-0.054112207144498825,-0.05526489019393921
1276,-0.11090924590826035,-0.11226507276296616
1277,-0.1561402678489685,-0.15691322088241577
1278,-0.1921137571334839,-0.19178807735443115
1279,-0.22067704796791077,-0.21871216595172882
1280,-0.2436770796775818,-0.24056601524353027
1281,-0.2626112997531891,-0.2595480680465698
1282,-0.2783932387828827,-0.27699223160743713
1283,-0.291847288608551,-0.29294636845588684
1284,-0.3035406172275543,-0.3067353665828705
1285,-0.31383809447288513,-0.31791698932647705
1286,-0.32304781675338745,-0.32603657245635986
1287,-0.33133915066719055,-0.33201366662979126
1288,-0.3388340175151825,-0.33674702048301697
1289,-0.34561875462532043,-0.34153324365615845
1290,-0.35173362493515015,-0.3469245135784149
1291,-0.3572098910808563,-0.35298916697502136
1292,-0.36205926537513733,-0.3594282567501068
1293,-0.36628520488739014,-0.36553144454956055
1294,-0.3698873221874237,-0.3708445429801941
1295,-0.3728591799736023,-0.3750237226486206
1296,-0.3751944601535797,-0.3780163824558258
1297,-0.37688541412353516,-0.3796856999397278
1298,-0.3779239356517792,-0.380226731300354
1299,-0.3783033788204193,-0.37979114055633545
1300,-0.378017395734787,-0.37862005829811096
1301,-0.37706077098846436,-0.3768969774246216
1302,-0.37543004751205444,-0.37478476762771606
1303,-0.37312301993370056,-0.3722139596939087
1304,-0.37013885378837585,-0.3690977692604065
1305,-0.36647850275039673,-0.36538004875183105
1306,-0.36214467883110046,-0.36107510328292847
1307,-0.35714173316955566,-0.3560324013233185
1308,-0.35147547721862793,-0.3505617380142212
1309,-0.3451535701751709,-0.3444705903530121
1310,-0.33818548917770386,-0.3379526138305664
1311,-0.3305824100971222,-0.33086711168289185
1312,-0.32235726714134216,-0.32319176197052
1313,-0.31352442502975464,-0.31475114822387695
1314,-0.30410006642341614,-0.3055497109889984
1315,-0.2941019833087921,-0.29555532336235046
1316,-0.28354957699775696,-0.28493914008140564
1317,-0.27246397733688354,-0.27352938055992126
1318,-0.2608679533004761,-0.2616390585899353
1319,-0.24878565967082977,-0.24920275807380676
1320,-0.23624266684055328,-0.23633937537670135
1321,-0.22326593101024628,-0.2231019139289856
1322,-0.2098837047815323,-0.20953109860420227
1323,-0.19612552225589752,-0.19564546644687653
1324,-0.18202219903469086,-0.18148329854011536
1325,-0.16760583221912384,-0.16695883870124817
1326,-0.1529097855091095,-0.15226176381111145
1327,-0.1379687637090683,-0.1372797191143036
1328,-0.12281826883554459,-0.12220309674739838
1329,-0.1074938103556633,-0.10704198479652405
1330,-0.09203249961137772,-0.09168139100074768
1331,-0.07647201418876648,-0.07634283602237701
1332,-0.06085054203867912,-0.06087319552898407
1333,-0.045206766575574875,-0.04540356993675232
1334,-0.029579849913716316,-0.029940888285636902
1335,-0.014009450562298298,-0.014448091387748718
1336,0.001464277971535921,0.000927463173866272
1337,0.01680099591612816,0.016281768679618835
1338,0.03196126967668533,0.03145553171634674
1339,0.046904556453228,0.04645411670207977
1340,0.06159059330821037,0.06114022433757782
1341,0.07597962766885757,0.07561825215816498
1342,0.0900324285030365,0.0897323340177536
1343,0.10371027886867523,0.10351668298244476
1344,0.11697498708963394,0.11676214635372162
1345,0.1297888606786728,0.1296737641096115
1346,0.14211474359035492,0.1420290321111679
1347,0.1539176106452942,0.15389595925807953
1348,0.16516265273094177,0.16519518196582794
1349,0.1758144497871399,0.17589543759822845
1350,0.18583932518959045,0.18584753572940826
1351,0.19520528614521027,0.19522051513195038
1352,0.20388208329677582,0.2039155513048172
1353,0.2118411362171173,0.21186767518520355
1354,0.21905562281608582,0.2190641313791275
1355,0.22550040483474731,0.22551588714122772
1356,0.23115207254886627,0.2311292439699173
1357,0.23598888516426086,0.2358972579240799
1358,0.23999087512493134,0.2399500161409378
1359,0.24313977360725403,0.24302078783512115
1360,0.24541924893856049,0.24530594050884247
1361,0.24681507050991058,0.24664275348186493
1362,0.24731534719467163,0.24713034927845
1363,0.24691060185432434,0.246694877743721
1364,0.24559368193149567,0.24530832469463348
1365,0.24335986375808716,0.24309583008289337
1366,0.2402067482471466,0.23995698988437653
1367,0.23613429069519043,0.23588158190250397
1368,0.23114468157291412,0.2308373600244522
1369,0.225242480635643,0.22501464188098907
1370,0.2184346616268158,0.21820752322673798
1371,0.21073059737682343,0.21053512394428253
1372,0.20214207470417023,0.20193375647068024
1373,0.19268321990966797,0.1924840658903122
1374,0.1823706030845642,0.18217499554157257
1375,0.17122316360473633,0.17104922235012054
1376,0.15926185250282288,0.15900559723377228
1377,0.14650948345661163,0.1463640183210373
1378,0.13299085199832916,0.1328326314687729
1379,0.11873272061347961,0.1185779720544815
1380,0.10376381874084473,0.10364292562007904
1381,0.08811488747596741,0.0880032330751419
1382,0.07181859761476517,0.07168848812580109
1383,0.05490964278578758,0.054783329367637634
1384,0.03742465749382973,0.03721483051776886
1385,0.019402269273996353,0.019300594925880432
1386,0.0008829887956380844,0.0007898956537246704
1387,-0.01809295080602169,-0.018175140023231506
1388,-0.03748345747590065,-0.03756263852119446
1389,-0.05724458023905754,-0.057322531938552856
1390,-0.07733120024204254,-0.07739372551441193
1391,-0.09769704192876816,-0.09775565564632416
1392,-0.11829458177089691,-0.11835207045078278
1393,-0.13907483220100403,-0.13911978900432587
1394,-0.15998812019824982,-0.16003382205963135
1395,-0.18098415434360504,-0.1810172200202942
1396,-0.2020121067762375,-0.20203900337219238
1397,-0.22302009165287018,-0.22304880619049072
1398,-0.24395526945590973,-0.24403677880764008
1399,-0.26476481556892395,-0.2647692859172821
1400,-0.2853960394859314,-0.2853999733924866
1401,-0.30579623579978943,-0.3057912588119507
1402,-0.3259120285511017,-0.3259783685207367
